<?xml version="1.0" encoding="utf-8" standalone="no" ?>
<!-- 
	Usage:

	To localize the description, use the following format for the description element.
	<description>
	<text xml:lang="en">English App description goes here</text>
	<text xml:lang="fr">French App description goes here</text>
	<text xml:lang="ja">Japanese App description goes here</text>
	</description>

	To localize the name, use the following format for the name element.
	<name>
	<text xml:lang="en">English App name goes here</text>
	<text xml:lang="fr">French App name goes here</text>
	<text xml:lang="ja">Japanese App name goes here</text>
	</name>
-->
<application xmlns="http://ns.adobe.com/air/application/51.2">
  <id>army.attack</id>
  <versionNumber>22</versionNumber>
  <versionLabel/>
  <filename>Army Attack</filename>
  <description/>
  <name>Army Attack</name>
  <copyright/>
  <initialWindow>
    <content>iArmyAirOfflineSavingv22_1.swf</content>
    <systemChrome>standard</systemChrome>
    <transparent>false</transparent>
    <visible>true</visible>
    <fullScreen>true</fullScreen>
    <aspectRatio>landscape</aspectRatio>
    <renderMode>auto</renderMode>
    <autoOrients>false</autoOrients>
    <maximizable>true</maximizable>
    <minimizable>true</minimizable>
    <resizable>true</resizable>
  </initialWindow>
  <icon>
    <image48x48>AppIconsForPublish/icon48.png</image48x48>
  </icon>
  <customUpdateUI>false</customUpdateUI>
  <allowBrowserInvocation>false</allowBrowserInvocation>


  <android>
    <manifestAdditions><![CDATA[<manifest>
<uses-permission android:name="android.permission.WRITE_EXTERNAL_STORAGE"/>
<uses-permission android:name="android.permission.MANAGE_EXTERNAL_STORAGE"/>
</manifest>]]></manifestAdditions>
  </android>
  
  
  
  
  
  
  
  
  
  
  
  
  
  
  
  
  
  
  
  
  
  
  
  
  
  
  
  
  
  
  
  
  
  
  
  
  
  
  
  
  
  
  
  
  
  
  
  
  
  
  
  
  
  
  
  
  
  
  
  
  
  
  
  
  
  <iPhone>
    <InfoAdditions><![CDATA[
  <key>UIDeviceFamily</key>
  <array>
    <string>1</string>
    <string>2</string>
  </array>
]]></InfoAdditions>
    <requestedDisplayResolution>standard</requestedDisplayResolution>
  </iPhone>
  
  
  
  
  
  
  
  
  
  
  
  
  
  
  
  
  
  
  
  
  
  
  
  
  
  
  
  
  
  
  
  
  
  
  
  
  
  
  
  
  
  
  
  
  
  
  
  
  
  
  
  <extensions>
    <extensionID>fi.joniaromaa.adobeair.discordrpc</extensionID>
  </extensions>
</application>
